something,nothing
-1.3358240599681896,-0.3105258206600822
1.0921716757392652,1.509220756326785
-0.4674554510990157,-0.504028444569996
1.0614677653565667,0.8696811302463648
0.33406442419018817,1.2284000668572008
-0.9776793185318097,1.0284695794989533
0.2532859062182742,-0.29000070977035813
-0.34238198816414517,2.7747426230743937
1.0126862877293241,-1.5127276793736895
-0.5988984849221852,0.9126581342956179
